{"MMM": {"avgPrice": 171.6153846153846, "annualizedReturn": 16.756756756756758, "standardDeviation": 9.833525555571157}, "AOS": {"avgPrice": 53.92307692307692, "annualizedReturn": 34.375, "standardDeviation": 6.533482266949561}, "ABT": {"avgPrice": 53.92307692307692, "annualizedReturn": 34.375, "standardDeviation": 6.533482266949561}, "BRK.B": {"avgPrice": 220.92307692307693, "annualizedReturn": 16.153846153846153, "standardDeviation": 20.738153387347673}, "BBY": {"avgPrice": 105.53846153846153, "annualizedReturn": 24.299065420560748, "standardDeviation": 15.896856895990402}, "BIO": {"avgPrice": 555.0, "annualizedReturn": 35.21594684385382, "standardDeviation": 81.82438981887228}, "BIIB": {"avgPrice": 307.0769230769231, "annualizedReturn": 19.784172661870503, "standardDeviation": 29.520427186979784}}